Fecha,a√±o,mes,Open,High,Low,AdjClose,ROC,Activos,Ocupados,Parados,Tasa Act,Tasa Paro,Tasa Paro ROC
2001-04-01,2001,4,9308.299805,9904.0,8784.799805,9760.990234,1.0486340877973592,17853.833333333332,15936.3,1917.4666666666667,52.623333333333335,10.743333333333332,0.982023156611822
2001-05-01,2001,5,9761.0,9854.599609,9370.599609,9500.69043,0.9733326437420963,17892.966666666667,16006.3,1886.6333333333332,52.67666666666666,10.546666666666667,0.9816940738442446
2001-06-01,2001,6,9498.900391,9663.900391,8634.099609,8878.391602,0.9344996205712595,17932.1,16076.3,1855.8,52.73,10.35,0.9813527180783818
2001-07-01,2001,7,8878.400391,9104.900391,8074.5,8479.991211,0.9551269634344296,18009.399999999998,16148.966666666665,1860.4333333333334,52.89333333333333,10.33,0.9980676328502416
2001-08-01,2001,8,8480.0,8684.900391,8083.799805,8321.09082,0.9812617269232689,18086.7,16221.633333333333,1865.0666666666666,53.056666666666665,10.309999999999999,0.9980638915779282
2001-09-01,2001,9,8321.099609,8374.400391,6260.100098,7313.992676,0.8789704179673884,18164.0,16294.3,1869.7,53.22,10.29,0.9980601357904947
2001-10-01,2001,10,7314.0,8176.600098,6925.899902,7774.291992,1.062934068489079,18206.666666666668,16312.266666666666,1894.4,53.28333333333333,10.403333333333332,1.0110139293812763
2001-11-01,2001,11,7765.0,8742.700195,7602.700195,8364.691406,1.0759425314366298,18249.333333333332,16330.233333333334,1919.1,53.346666666666664,10.516666666666667,1.0108939442486384
2001-12-01,2001,12,8302.900391,8876.0,8099.5,8397.59082,1.0039331294369571,18292.0,16348.2,1943.8,53.41,10.63,1.0107765451664026
2002-01-01,2002,1,8397.599609,8608.5,7737.700195,8050.391602,0.9586549016923884,18406.366666666665,16392.9,2013.4666666666667,53.626666666666665,10.936666666666667,1.028849169018501
2002-02-01,2002,2,8067.0,8204.5,7628.0,8135.491699,1.0105709263856006,18520.733333333334,16437.6,2083.133333333333,53.843333333333334,11.243333333333334,1.0280402316366961
2002-03-01,2002,3,8118.399902,8481.099609,8066.0,8249.691406,1.0140372224845404,18635.1,16482.3,2152.8,54.06,11.55,1.0272754224725764
2002-04-01,2002,4,8235.799805,8470.799805,7933.100098,8154.391602,0.9884480765025115,18713.466666666667,16577.166666666668,2136.3,54.2,11.416666666666668,0.9884559884559885
2002-05-01,2002,5,8202.200195,8229.700195,7788.100098,7949.89209,0.974921548782395,18791.833333333332,16672.033333333333,2119.8,54.339999999999996,11.283333333333333,0.9883211678832116
2002-06-01,2002,6,7917.5,8016.799805,6433.600098,6912.993164,0.8695706917450751,18870.2,16766.9,2103.3,54.48,11.15,0.9881831610044314
2002-07-01,2002,7,6851.399902,7165.100098,5824.200195,6249.293457,0.9039924253858262,18951.9,16817.7,2134.2000000000003,54.626666666666665,11.263333333333334,1.0101644245142003
2002-08-01,2002,8,6250.399902,6727.200195,5815.600098,6435.693848,1.0298274344584037,19033.6,16868.5,2165.1,54.77333333333333,11.376666666666667,1.0100621485646641
2002-09-01,2002,9,6433.0,6514.5,5293.5,5431.694824,0.843995216722124,19115.3,16919.3,2196.0,54.92,11.49,1.0099619103428068
2002-10-01,2002,10,5477.200195,6262.0,5266.899902,6139.393555,1.130290591414124,19151.63333333333,16943.5,2208.133333333333,54.93,11.53,1.0034812880765882
2002-11-01,2002,11,6271.700195,6766.799805,5978.600098,6685.593262,1.088966394173439,19187.966666666667,16967.7,2220.266666666667,54.940000000000005,11.57,1.0034692107545533
2002-12-01,2002,12,6659.600098,6848.799805,5981.100098,6036.893555,0.9029705096349308,19224.3,16991.9,2232.4,54.95,11.61,1.0034572169403628
2003-01-01,2003,1,6050.600098,6645.5,5789.799805,5947.694336,0.9852243180723103,19289.933333333334,17025.5,2264.4333333333334,55.06,11.736666666666666,1.0109101349411427
2003-02-01,2003,2,5989.399902,6186.899902,5741.899902,5999.394043,1.008692394746494,19355.566666666666,17059.100000000002,2296.4666666666667,55.17,11.863333333333333,1.0107923885259869
2003-03-01,2003,3,6025.700195,6258.5,5447.700195,5870.494141,0.9785145131198042,19421.2,17092.7,2328.5,55.28,11.99,1.0106771565046362
2003-04-01,2003,4,5900.799805,6674.700195,5893.299805,6489.493652,1.105442488508226,19493.86666666667,17202.86666666667,2291.0,55.403333333333336,11.753333333333334,0.9802613288851821
2003-05-01,2003,5,6471.899902,6578.100098,6177.799805,6508.493164,1.002927734122083,19566.533333333333,17313.033333333333,2253.5,55.526666666666664,11.516666666666666,0.9798638684061258
2003-06-01,2003,6,6551.5,7081.600098,6491.700195,6861.993164,1.0543136469675178,19639.2,17423.2,2216.0,55.65,11.28,0.9794500723589001
2003-07-01,2003,7,6877.5,7067.899902,6735.299805,7061.692871,1.0291022888288024,19723.966666666667,17497.466666666667,2226.5,55.81666666666666,11.286666666666667,1.0005910165484635
2003-08-01,2003,8,7027.799805,7258.899902,6876.799805,7111.29248,1.0070237561879374,19808.733333333334,17571.733333333334,2237.0,55.983333333333334,11.293333333333333,1.0005906674542233
2003-09-01,2003,9,7156.399902,7315.399902,6664.700195,6703.593262,0.9426687597020338,19893.5,17646.0,2247.5,56.15,11.3,1.000590318772137
2003-10-01,2003,10,6722.299805,7152.799805,6701.700195,7129.492676,1.0635330034735635,19934.7,17677.5,2257.233333333333,56.18333333333333,11.323333333333334,1.0020648967551622
2003-11-01,2003,11,7138.200195,7318.899902,7028.200195,7252.492676,1.0172522794523728,19975.899999999998,17709.0,2266.9666666666667,56.21666666666667,11.346666666666666,1.002060641742714
2003-12-01,2003,12,7284.600098,7818.0,7280.899902,7737.192383,1.0668321539439767,20017.1,17740.5,2276.7,56.25,11.37,1.0020564042303173
2004-01-01,2004,1,7746.100098,8134.799805,7743.600098,7929.89209,1.024905637272688,20038.066666666666,17750.4,2287.733333333333,56.24666666666667,11.413333333333332,1.0038111990618586
2004-02-01,2004,2,7937.200195,8350.900391,7869.600098,8249.391602,1.0402905245587015,20059.033333333333,17760.3,2298.766666666667,56.24333333333333,11.456666666666667,1.0037967289719627
2004-03-01,2004,3,8277.099609,8376.0,7659.299805,8018.091797,0.9719615923016771,20080.0,17770.2,2309.8,56.24,11.5,1.0037823683444864
2004-04-01,2004,4,8039.899902,8478.0,8016.0,8109.491699,1.011399208728715,20142.166666666668,17853.100000000002,2289.0666666666666,56.343333333333334,11.363333333333333,0.9881159420289855
2004-05-01,2004,5,8084.100098,8266.0,7605.700195,7959.291504,0.9814784698505186,20204.333333333332,17936.0,2268.3333333333335,56.446666666666665,11.226666666666667,0.9879730126136697
2004-06-01,2004,6,7932.399902,8203.900391,7836.100098,8078.291504,1.0149510794949776,20266.5,18018.9,2247.6,56.55,11.09,0.9878266033254157
2004-07-01,2004,7,8095.799805,8141.5,7715.100098,7919.291992,0.9803176807965807,20340.633333333335,18108.966666666667,2231.6666666666665,56.67666666666666,10.973333333333333,0.9894800120228434
2004-08-01,2004,8,7880.0,7930.5,7538.700195,7869.492188,0.9937115838069475,20414.766666666666,18199.033333333333,2215.7333333333336,56.803333333333335,10.856666666666667,0.9893681652490888
2004-09-01,2004,9,7894.799805,8131.200195,7893.799805,8029.191895,1.0202935212571302,20488.9,18289.1,2199.8,56.93,10.74,0.9892539146453792
2004-10-01,2004,10,8037.700195,8490.099609,8037.700195,8418.291016,1.0484605581842306,20548.5,18356.333333333332,2192.166666666667,56.99333333333333,10.67,0.9934823091247672
2004-11-01,2004,11,8468.099609,8784.099609,8440.599609,8692.991211,1.032631349341321,20608.100000000002,18423.566666666666,2184.5333333333333,57.056666666666665,10.6,0.993439550140581
2004-12-01,2004,12,8676.5,9118.799805,8673.299805,9080.791016,1.0446106289063406,20667.7,18490.8,2176.9,57.12,10.53,0.9933962264150943
2005-01-01,2005,1,9085.200195,9224.599609,8907.0,9223.890625,1.01575849601074,20730.933333333334,18572.566666666666,2158.366666666667,57.20666666666666,10.41,0.9886039886039887
2005-02-01,2005,2,9218.900391,9647.700195,9193.599609,9390.990234,1.018115957332267,20794.166666666668,18654.333333333332,2139.8333333333335,57.29333333333334,10.29,0.9884726224783861
2005-03-01,2005,3,9372.200195,9581.799805,9158.0,9258.790039,0.985922656535051,20857.4,18736.1,2121.3,57.38,10.17,0.9883381924198251
2005-04-01,2005,4,9254.700195,9442.200195,8938.900391,9001.59082,0.9722210766291681,20948.166666666668,18877.6,2070.5666666666666,57.54,9.886666666666667,0.9721402818747952
2005-05-01,2005,5,9027.900391,9472.400391,9020.099609,9427.089844,1.0472693141144132,21038.933333333334,19019.1,2019.8333333333333,57.7,9.603333333333333,0.971341874578557
2005-06-01,2005,6,9455.400391,9815.5,9443.0,9783.19043,1.0377741797195918,21129.7,19160.6,1969.1,57.86,9.32,0.9704963554321416
2005-07-01,2005,7,9731.0,10162.400391,9399.299805,10115.589844,1.0339765863067225,21155.0,19247.766666666666,1907.2333333333333,57.86,9.016666666666667,0.9674535050071531
2005-08-01,2005,8,10122.599609,10253.700195,9823.799805,10008.890625,0.989452002241541,21180.3,19334.93333333333,1845.3666666666666,57.86,8.713333333333333,0.9663585951940848
2005-09-01,2005,9,10049.900391,10851.400391,10048.400391,10813.889648,1.0804283964287997,21205.6,19422.1,1783.5,57.86,8.41,0.9651874521805662
2005-10-01,2005,10,10835.799805,10919.200195,10256.0,10493.789063,0.9703991259926349,21260.233333333334,19451.13333333333,1809.1,57.93333333333333,8.51,1.0118906064209274
2005-11-01,2005,11,10469.400391,10716.799805,10336.099609,10557.789063,1.0060988456710696,21314.866666666665,19480.166666666668,1834.7,58.00666666666667,8.610000000000001,1.011750881316099
2005-12-01,2005,12,10580.0,10811.900391,10423.900391,10733.889648,1.0166796839706853,21369.5,19509.2,1860.3,58.08,8.71,1.0116144018583042
2006-01-01,2006,1,10725.799805,11112.099609,10611.099609,11104.288086,1.0345073827053006,21420.1,19532.266666666666,1887.8,58.15333333333333,8.816666666666666,1.012246460007654
2006-02-01,2006,2,11030.5,11840.099609,11030.099609,11740.688477,1.0573112284255624,21470.7,19555.333333333336,1915.3,58.22666666666667,8.923333333333334,1.0120982986767486
2006-03-01,2006,3,11764.599609,11970.0,11566.799805,11854.288086,1.0096757195476693,21521.3,19578.4,1942.8,58.3,9.03,1.0119536794919686
2006-04-01,2006,4,11923.5,11975.5,11552.099609,11892.488281,1.0032224790491735,21589.533333333333,19682.8,1906.6666666666667,58.41,8.833333333333332,0.9782207456626061
2006-05-01,2006,5,11843.299805,12106.0,10918.299805,11340.488281,0.9535841459787775,21657.766666666666,19787.2,1870.5333333333333,58.52,8.636666666666667,0.9777358490566039
2006-06-01,2006,6,11327.700195,11585.299805,10744.200195,11548.087891,1.0183060556879031,21726.0,19891.6,1834.4,58.63,8.44,0.9772288691624854
2006-07-01,2006,7,11527.900391,11892.299805,11116.0,11817.988281,1.0233718683601587,21769.933333333334,19958.066666666666,1811.9,58.66666666666667,8.32,0.9857819905213271
2006-08-01,2006,8,11806.900391,12200.0,11698.5,12144.6875,1.0276442327773536,21813.866666666665,20024.533333333333,1789.4,58.70333333333333,8.2,0.9855769230769229
2006-09-01,2006,9,12152.200195,13001.599609,11969.200195,12934.6875,1.0650490183464987,21857.8,20091.0,1766.9,58.74,8.08,0.9853658536585367
2006-10-01,2006,10,12937.200195,13773.5,12819.599609,13752.986328,1.0632639039791263,21910.13333333333,20125.8,1784.4,58.78666666666667,8.14,1.0074257425742574
2006-11-01,2006,11,13769.200195,14338.0,13652.0,13849.286133,1.007002101412981,21962.466666666667,20160.600000000002,1801.9,58.833333333333336,8.2,1.0073710073710072
2006-12-01,2006,12,13910.5,14420.799805,13551.099609,14146.485352,1.0214595334478533,22014.8,20195.4,1819.4,58.88,8.26,1.0073170731707317
2007-01-01,2007,1,14173.200195,14605.599609,14065.700195,14553.185547,1.028749204122457,22053.466666666667,20219.433333333334,1834.0,58.88666666666667,8.313333333333333,1.006456820016142
2007-02-01,2007,2,14637.5,14963.599609,14070.900391,14248.385742,0.9790561451982019,22092.13333333333,20243.466666666667,1848.6000000000001,58.89333333333333,8.366666666666667,1.0064153969526866
2007-03-01,2007,3,14228.599609,14730.400391,13602.400391,14641.685547,1.0276031132313228,22130.8,20267.5,1863.2,58.9,8.42,1.0063745019920318
2007-04-01,2007,4,14619.900391,15136.200195,14342.0,14374.584961,0.9817575247643037,22205.233333333334,20371.966666666667,1833.2,59.01,8.256666666666666,0.9806017418844022
2007-05-01,2007,5,14421.799805,15340.5,14176.0,15329.384766,1.0664227737768077,22279.666666666664,20476.433333333334,1803.2,59.12,8.093333333333334,0.9802180056519986
2007-06-01,2007,6,15330.400391,15543.799805,14582.400391,14891.985352,0.9714666034758207,22354.1,20580.9,1773.2,59.23,7.93,0.979818780889621
2007-07-01,2007,7,14790.799805,15297.200195,14378.700195,14802.385742,0.993983367033868,22422.6,20638.4,1784.2,59.32,7.956666666666666,1.0033627574611181
2007-08-01,2007,8,14508.900391,15028.700195,13841.599609,14479.785156,0.9782061762459912,22491.1,20695.9,1795.2,59.41,7.983333333333333,1.0033514872224552
2007-09-01,2007,9,14517.700195,14704.5,13519.099609,14576.485352,1.0066782894192272,22559.6,20753.4,1806.2,59.5,8.01,1.003340292275574
2007-10-01,2007,10,14519.0,15897.299805,14443.900391,15890.484375,1.0901451201211347,22593.033333333333,20741.56666666667,1851.4666666666667,59.49,8.196666666666667,1.023304203079484
2007-11-01,2007,11,15864.099609,16040.400391,15165.099609,15759.884766,0.9917812694743607,22626.466666666667,20729.733333333334,1896.7333333333333,59.48,8.383333333333333,1.0227734851565675
2007-12-01,2007,12,15767.099609,15983.400391,15107.400391,15182.28418,0.9633499486464456,22659.9,20717.9,1942.0,59.47,8.57,1.0222664015904575
2008-01-01,2008,1,15101.900391,15186.0,11937.200195,13228.986328,0.8713436114854756,22710.06666666667,20685.266666666666,2024.8333333333333,59.53666666666667,8.913333333333334,1.0400622325943214
2008-02-01,2008,2,13440.700195,13652.099609,12721.400391,13170.386719,0.9955703628723263,22760.233333333334,20652.633333333335,2107.6666666666665,59.60333333333333,9.256666666666666,1.038519072550486
2008-03-01,2008,3,12998.0,13596.400391,12571.400391,13268.986328,1.0074864627063502,22810.4,20620.0,2190.5,59.67,9.6,1.0370903853078863
2008-04-01,2008,4,13205.599609,14019.599609,13106.799805,13798.286133,1.03988999550652,22884.466666666667,20628.966666666667,2255.5666666666666,59.803333333333335,9.853333333333333,1.026388888888889
2008-05-01,2008,5,13916.200195,14301.299805,13397.900391,13600.886719,0.9856939179186971,22958.533333333333,20637.933333333334,2320.633333333333,59.93666666666667,10.106666666666666,1.0257104194857916
2008-06-01,2008,6,13610.5,13612.099609,11874.5,12046.188477,0.8856914057060606,23032.6,20646.9,2385.7,60.07,10.36,1.025065963060686
2008-07-01,2008,7,12028.5,12035.200195,10932.400391,11881.288086,0.9863109902925019,23074.1,20616.733333333334,2457.3666666666663,60.123333333333335,10.65,1.027992277992278
2008-08-01,2008,8,11719.0,12078.700195,11185.5,11707.288086,0.9853551232206019,23115.6,20586.56666666667,2529.0333333333333,60.17666666666666,10.94,1.0272300469483566
2008-09-01,2008,9,11607.5,11936.299805,10571.099609,10987.489258,0.9385170312106048,23157.1,20556.4,2600.7,60.23,11.23,1.0265082266910421
2008-10-01,2008,10,11064.299805,11441.5,7737.200195,9115.991211,0.8296700908592597,23192.1,20389.36666666667,2802.733333333333,60.269999999999996,12.083333333333334,1.0759869397447315
2008-11-01,2008,11,9185.799805,9883.799805,7830.899902,8910.59082,0.977468123186412,23227.1,20222.333333333332,3004.766666666667,60.31,12.936666666666666,1.0706206896551722
2008-12-01,2008,12,8914.0,9332.900391,8293.200195,9195.790039,1.0320067686600387,23262.1,20055.3,3206.8,60.35,13.79,1.0659623808296832
2009-01-01,2009,1,9262.0,9800.0,7981.700195,8450.391602,0.9189413379558784,23275.6,19798.333333333332,3477.266666666667,60.36333333333334,14.94,1.0833937635968094
2009-02-01,2009,2,8275.400391,8653.799805,7385.0,7620.89209,0.9018389263991413,23289.1,19541.36666666667,3747.733333333333,60.376666666666665,16.09,1.0769745649263722
2009-03-01,2009,3,7428.600098,8121.700195,6702.600098,7814.992188,1.025469472039198,23302.6,19284.4,4018.2,60.39,17.24,1.0714729645742695
2009-04-01,2009,4,7761.299805,9100.799805,7637.200195,9037.991211,1.1564939533628615,23299.533333333333,19241.0,4058.6666666666665,60.36,17.416666666666664,1.010247486465584
2009-05-01,2009,5,9048.099609,9555.599609,8828.5,9424.290039,1.0427416689153053,23296.466666666667,19197.600000000002,4099.133333333333,60.33,17.593333333333334,1.0101435406698567
2009-06-01,2009,6,9554.799805,9890.599609,9200.700195,9787.790039,1.0385705446771856,23293.4,19154.2,4139.6,60.3,17.77,1.0100416824554754
2009-07-01,2009,7,9798.099609,10932.900391,9241.200195,10855.088867,1.1090439030411656,23268.86666666667,19135.600000000002,4133.533333333334,60.21666666666666,17.763333333333332,0.9996248358656912
2009-08-01,2009,8,10809.900391,11522.799805,10511.900391,11365.087891,1.0469824826170169,23244.333333333332,19117.0,4127.466666666666,60.13333333333333,17.756666666666668,0.9996246950647403
2009-09-01,2009,9,11434.0,11938.200195,10874.400391,11756.087891,1.0344036054758219,23219.8,19098.4,4121.4,60.05,17.75,0.9996245541580626
2009-10-01,2009,10,11766.599609,11960.400391,11268.5,11414.788086,0.9709682499684879,23221.666666666668,19029.06666666667,4192.599999999999,60.03,18.053333333333335,1.0170892018779343
2009-11-01,2009,11,11354.0,12102.599609,11179.900391,11644.688477,1.0201405746009398,23223.533333333333,18959.733333333334,4263.8,60.01,18.356666666666666,1.0168020679468242
2009-12-01,2009,12,11746.200195,12070.900391,11468.700195,11939.988281,1.0253591845400816,23225.4,18890.4,4335.0,59.99,18.66,1.0165244234610495
2010-01-01,2010,1,11986.5,12240.5,10821.200195,10947.689453,0.9168928139084497,23240.433333333334,18811.233333333334,4429.233333333334,60.02333333333333,19.053333333333335,1.0210789567702752
2010-02-01,2010,2,10852.400391,11201.599609,9916.599609,10333.588867,0.9439059183550625,23255.466666666667,18732.06666666667,4523.466666666666,60.05666666666667,19.446666666666665,1.0206438068579424
2010-03-01,2010,3,10434.700195,11190.0,10287.599609,10871.289063,1.052034216081223,23270.5,18652.9,4617.7,60.09,19.84,1.0202262598560166
2010-04-01,2010,4,10950.400391,11566.099609,10077.900391,10492.189453,0.9651283663047606,23315.8,18685.633333333335,4630.233333333334,60.196666666666665,19.856666666666666,1.0008400537634408
2010-05-01,2010,5,10426.200195,10452.200195,8812.099609,9359.390625,0.8920340856334709,23361.100000000002,18718.366666666665,4642.766666666666,60.303333333333335,19.873333333333335,1.0008393486654357
2010-06-01,2010,6,9282.200195,10209.5,8563.599609,9263.390625,0.9897429219650714,23406.4,18751.1,4655.3,60.41,19.89,1.0008386447500839
2010-07-01,2010,7,9041.700195,10788.0,8977.700195,10499.789063,1.1334714779989103,23405.733333333334,18773.733333333334,4632.0,60.39666666666666,19.79,0.9949723479135243
2010-08-01,2010,8,10535.400391,10953.099609,9773.799805,10186.989258,0.9702089439013336,23405.06666666667,18796.366666666665,4608.7,60.38333333333333,19.69,0.9949469429004549
2010-09-01,2010,9,10232.700195,10902.5,10170.099609,10514.489258,1.0321488510202173,23404.4,18819.0,4585.4,60.37,19.59,0.9949212798374809
2010-10-01,2010,10,10520.099609,11021.599609,10310.200195,10812.889648,1.0283799224744044,23395.3,18770.966666666667,4624.333333333333,60.33,19.763333333333332,1.0088480517270715
2010-11-01,2010,11,10901.799805,10903.400391,9203.400391,9267.19043,0.857050310479595,23386.2,18722.933333333334,4663.266666666666,60.29,19.936666666666667,1.008770450328892
2010-12-01,2010,12,9344.200195,10253.900391,9331.400391,9859.089844,1.0638704274473396,23377.1,18674.9,4702.2,60.25,20.11,1.0086941982945996
2011-01-01,2011,1,9899.400391,10961.099609,9387.900391,10805.989258,1.0960432888819103,23367.166666666664,18592.0,4775.2,60.22,20.433333333333334,1.01607823636665
2011-02-01,2011,2,10886.200195,11165.0,10543.299805,10850.789063,1.0041458309767275,23357.233333333334,18509.100000000002,4848.2,60.19,20.756666666666664,1.0158238172920064
2011-03-01,2011,3,10898.799805,10939.700195,10076.5,10576.489258,0.9747207504074211,23347.3,18426.2,4921.2,60.16,21.08,1.01557732455436
2011-04-01,2011,4,10657.200195,10958.200195,10289.099609,10878.889648,1.0285917550354682,23386.933333333334,18491.466666666667,4895.533333333333,60.25333333333333,20.933333333333334,0.9930423782416193
2011-05-01,2011,5,10917.400391,10928.200195,10030.599609,10475.989258,0.9629649345625936,23426.566666666666,18556.733333333334,4869.866666666667,60.346666666666664,20.786666666666665,0.9929936305732483
2011-06-01,2011,6,10506.0,10549.0,9758.5,10359.889648,0.9889175516372989,23466.2,18622.0,4844.2,60.44,20.64,0.9929441949967929
2011-07-01,2011,7,10359.400391,10536.799805,9276.099609,9630.69043,0.9296132253550821,23471.633333333335,18576.166666666668,4895.466666666666,60.44,20.853333333333335,1.0103359173126616
2011-08-01,2011,8,9713.0,9752.299805,7767.299805,8718.59082,0.9052923965701597,23477.066666666666,18530.333333333332,4946.733333333334,60.44,21.066666666666666,1.010230179028133
2011-09-01,2011,9,8748.0,8801.700195,7505.299805,8546.59082,0.9802720412563183,23482.5,18484.5,4998.0,60.44,21.28,1.010126582278481
2011-10-01,2011,10,8346.599609,9351.0,8065.100098,8954.891602,1.0477735263801946,23468.433333333334,18374.0,5094.433333333333,60.39,21.706666666666667,1.0200501253132832
2011-11-01,2011,11,8775.400391,8800.900391,7601.200195,8449.491211,0.943561528886947,23454.366666666665,18263.5,5190.866666666667,60.339999999999996,22.133333333333333,1.0196560196560196
2011-12-01,2011,12,8441.0,8844.200195,8120.899902,8566.291016,1.0138232944544567,23440.3,18153.0,5287.3,60.29,22.56,1.0192771084337349
2012-01-01,2012,1,8558.0,8746.599609,8233.799805,8509.191406,0.9933343835863907,23437.866666666665,18023.7,5414.166666666667,60.29666666666667,23.10333333333333,1.0240839243498818
2012-02-01,2012,2,8558.599609,8967.400391,8429.099609,8465.891602,0.9949114079195032,23435.433333333334,17894.399999999998,5541.033333333333,60.303333333333335,23.64666666666667,1.02351752993796
2012-03-01,2012,3,8442.0,8625.5,7866.399902,8007.991699,0.9459123829447772,23433.0,17765.1,5667.9,60.31,24.19,1.0229771638003946
2012-04-01,2012,4,8024.700195,8072.600098,6811.200195,7010.992676,0.8754994934467152,23451.833333333332,17762.899999999998,5688.933333333333,60.373333333333335,24.26,1.0028937577511368
2012-05-01,2012,5,7100.899902,7175.700195,6012.0,6089.793457,0.8686064496753161,23470.666666666668,17760.7,5709.966666666666,60.43666666666667,24.33,1.0028854080791425
2012-06-01,2012,6,6109.700195,7102.200195,5987.799805,7102.192871,1.1662452792772937,23489.5,17758.5,5731.0,60.5,24.4,1.0028771064529387
2012-07-01,2012,7,7082.399902,7219.5,5905.299805,6738.093262,0.948734198632269,23490.3,17728.233333333334,5762.066666666667,60.516666666666666,24.529999999999998,1.005327868852459
2012-08-01,2012,8,6715.200195,7645.0,6296.100098,7420.492676,1.1012748543936672,23491.100000000002,17697.966666666667,5793.133333333333,60.53333333333333,24.66,1.0052996331023238
2012-09-01,2012,9,7398.5,8231.0,7351.200195,7708.492188,1.0388113733918873,23491.9,17667.7,5824.2,60.55,24.79,1.005271695052717
2012-10-01,2012,10,7712.799805,8156.600098,7565.5,7842.89209,1.0174353036524082,23448.06666666667,17558.266666666666,5889.8,60.44333333333333,25.116666666666667,1.0131773564609385
2012-11-01,2012,11,7807.100098,7995.899902,7490.600098,7934.592285,1.0116921403415615,23404.233333333334,17448.833333333336,5955.4,60.336666666666666,25.44333333333333,1.0130059721300597
2012-12-01,2012,12,7963.399902,8345.400391,7670.799805,8167.491699,1.0293524110167938,23360.4,17339.4,6021.0,60.23,25.77,1.0128389886021225
2013-01-01,2013,1,8337.900391,8755.900391,8286.700195,8362.291016,1.0238505681032832,23343.06666666667,17236.333333333336,6106.733333333334,60.21333333333333,26.16,1.0151338766006985
2013-02-01,2013,2,8233.400391,8400.099609,7895.5,8230.291016,0.9842148521562529,23325.733333333334,17133.266666666666,6192.466666666666,60.196666666666665,26.55,1.014908256880734
2013-03-01,2013,3,8220.5,8670.400391,7797.200195,7919.992188,0.9622979518711106,23308.4,17030.2,6278.2,60.18,26.94,1.0146892655367232
2013-04-01,2013,4,7917.600098,8524.200195,7716.100098,8418.991211,1.063004989292295,23274.9,17073.666666666668,6201.233333333334,60.12,26.64666666666667,0.9891116060381094
2013-05-01,2013,5,8393.900391,8669.200195,8216.5,8320.59082,0.9883120924426871,23241.4,17117.13333333333,6124.266666666666,60.06,26.35333333333333,0.9889917438078558
2013-06-01,2013,6,8266.599609,8430.0,7508.399902,7762.692383,0.9329496607790166,23207.9,17160.6,6047.3,60.0,26.06,0.9888692132557552
2013-07-01,2013,7,7817.0,8480.099609,7612.799805,8433.391602,1.0864003345628903,23196.4,17183.733333333334,6012.666666666667,60.013333333333335,25.923333333333332,0.9947556919928371
2013-08-01,2013,8,8466.299805,8828.099609,8275.900391,8290.491211,0.9830554066804974,23184.9,17206.866666666665,5978.033333333333,60.026666666666664,25.786666666666665,0.9947280442329948
2013-09-01,2013,9,8370.200195,9299.099609,8331.099609,9186.089844,1.1080272097522637,23173.4,17230.0,5943.4,60.04,25.65,0.9947001034126164
2013-10-01,2013,10,9177.599609,10063.900391,9173.400391,9907.890625,1.0785754105672556,23139.233333333334,17198.4,5940.8,59.98,25.676666666666666,1.0010396361273555
2013-11-01,2013,11,9906.599609,10025.900391,9467.0,9837.589844,0.9929045663036878,23105.06666666667,17166.8,5938.2,59.92,25.703333333333333,1.001038556406595
2013-12-01,2013,12,9838.200195,9949.799805,9232.099609,9916.69043,1.00804064687127,23070.9,17135.2,5935.6,59.86,25.73,1.0010374789262093
2014-01-01,2014,1,9923.599609,10552.700195,9716.5,9920.19043,1.0003529403307185,23008.56666666667,17073.666666666668,5934.833333333334,59.72666666666667,25.796666666666667,1.0025910091980827
2014-02-01,2014,2,9911.5,10269.0,9654.799805,10114.19043,1.019556076203266,22946.233333333334,17012.13333333333,5934.066666666667,59.593333333333334,25.863333333333333,1.0025843132187622
2014-03-01,2014,3,9951.599609,10420.599609,9703.099609,10340.489258,1.0223743886934111,22883.9,16950.6,5933.3,59.46,25.93,1.0025776517592473
2014-04-01,2014,4,10368.099609,10705.099609,9984.299805,10458.989258,1.0114598059185957,22914.56666666667,17084.733333333334,5829.833333333333,59.516666666666666,25.44333333333333,0.9812315207610232
2014-05-01,2014,5,10453.599609,10803.400391,10282.400391,10798.689453,1.0324792565151706,22945.233333333334,17218.866666666665,5726.366666666667,59.57333333333334,24.956666666666667,0.9808725271845933
2014-06-01,2014,6,10819.0,11249.400391,10667.200195,10923.489258,1.011556939899343,22975.9,17353.0,5622.9,59.63,24.47,0.9804995325230399
2014-07-01,2014,7,10954.5,11100.200195,10423.599609,10707.189453,0.9801986526565593,22961.166666666668,17403.333333333332,5557.833333333333,59.59666666666667,24.203333333333333,0.9891023021386732
2014-08-01,2014,8,10682.799805,10883.799805,9946.900391,10728.789063,1.0020172996933334,22946.433333333334,17453.666666666668,5492.766666666666,59.56333333333333,23.936666666666667,0.9889822338520865
2014-09-01,2014,9,10749.200195,11191.799805,10625.5,10825.489258,1.0090131509187261,22931.7,17504.0,5427.7,59.53,23.67,0.9888594903216823
2014-10-01,2014,10,10793.900391,10889.299805,9370.5,10477.789063,0.9678813412758179,22963.4,17525.7,5437.7,59.61,23.68,1.0004224757076468
2014-11-01,2014,11,10454.299805,10792.299805,10017.5,10770.689453,1.0279544079613423,22995.1,17547.399999999998,5447.7,59.690000000000005,23.69,1.0004222972972974
2014-12-01,2014,12,10700.599609,10928.299805,9661.0,10279.489258,0.9543947305190211,23026.8,17569.1,5457.7,59.77,23.7,1.0004221190375686
2015-01-01,2015,1,10386.700195,10716.900391,9610.099609,10403.289063,1.0120433809397342,22984.333333333332,17531.0,5453.333333333333,59.663333333333334,23.726666666666667,1.00112517580872
2015-02-01,2015,2,10396.599609,11184.5,10136.400391,11178.288086,1.0744955771493787,22941.86666666667,17492.899999999998,5448.966666666667,59.55666666666667,23.753333333333334,1.0011239112110144
2015-03-01,2015,3,11190.5,11618.299805,10858.400391,11521.087891,1.0306665745562,22899.4,17454.8,5444.6,59.45,23.78,1.0011226494527083
2015-04-01,2015,4,11482.0,11884.599609,11258.0,11384.988281,0.9881869133116923,22938.100000000002,17592.033333333333,5346.066666666667,59.56333333333333,23.310000000000002,0.9802354920100925
2015-05-01,2015,5,11377.099609,11609.900391,10928.200195,11217.587891,0.9852963932971834,22976.8,17729.266666666666,5247.533333333334,59.67666666666667,22.84,0.9798369798369797
2015-06-01,2015,6,11264.799805,11497.099609,10654.299805,10769.489258,0.9600539227011978,23015.5,17866.5,5149.0,59.79,22.37,0.9794220665499125
2015-07-01,2015,7,10857.700195,11612.599609,10324.299805,11180.688477,1.0381818681600472,22976.833333333332,17927.233333333334,5049.6,59.693333333333335,21.973333333333333,0.9822679183430189
2015-08-01,2015,8,11180.599609,11330.0,9502.400391,10258.989258,0.9175632859375298,22938.166666666668,17987.966666666667,4950.2,59.596666666666664,21.576666666666668,0.9819478155339807
2015-09-01,2015,9,10136.099609,10193.0,9231.299805,9559.890625,0.9318550185190185,22899.5,18048.7,4850.8,59.5,21.18,0.9816159431484628
2015-10-01,2015,10,9668.900391,10591.900391,9428.799805,10360.689453,1.0837665261468405,22890.9,18063.86666666667,4827.033333333334,59.47666666666667,21.086666666666666,0.9955933270380862
2015-11-01,2015,11,10279.299805,10631.599609,10005.200195,10386.889648,1.0025288080603951,22882.3,18079.033333333333,4803.266666666666,59.45333333333333,20.993333333333332,0.9955738223205817
2015-12-01,2015,12,10409.900391,10476.599609,9351.799805,9544.19043,0.9188689543686195,22873.7,18094.2,4779.5,59.43,20.9,0.9955541441727532
2016-01-01,2016,1,9429.799805,9446.200195,8206.0,8815.791016,0.9236813830002344,22856.133333333335,18072.666666666668,4783.466666666666,59.38333333333333,20.933333333333334,1.0015948963317385
2016-02-01,2016,2,8849.299805,8896.5,7746.299805,8461.391602,0.9597994764897678,22838.566666666666,18051.13333333333,4787.433333333333,59.336666666666666,20.966666666666665,1.001592356687898
2016-03-01,2016,3,8454.599609,9217.299805,8423.599609,8723.09082,1.030928626201173,22821.0,18029.6,4791.4,59.29,21.0,1.001589825119237
2016-04-01,2016,4,8624.599609,9360.200195,8256.099609,9025.691406,1.0346896062696278,22839.233333333334,18120.066666666666,4719.166666666666,59.33,20.666666666666668,0.9841269841269842
2016-05-01,2016,5,9066.900391,9155.5,8563.900391,9033.991211,1.0009195755346216,22857.466666666667,18210.533333333333,4646.933333333333,59.37,20.333333333333332,0.9838709677419354
2016-06-01,2016,6,9028.299805,9056.599609,7579.799805,8163.299805,0.9036205165951648,22875.7,18301.0,4574.7,59.41,20.0,0.9836065573770493
2016-07-01,2016,7,8240.099609,8720.200195,7857.799805,8587.200195,1.0519275783232118,22866.566666666666,18376.5,4490.066666666667,59.36666666666667,19.636666666666667,0.9818333333333333
2016-08-01,2016,8,8667.5,8780.700195,8229.400391,8716.799805,1.0150921845371053,22857.433333333334,18452.0,4405.433333333333,59.32333333333333,19.273333333333333,0.9814971991172976
2016-09-01,2016,9,8746.299805,9135.799805,8543.099609,8779.400391,1.0071816018952373,22848.3,18527.5,4320.8,59.28,18.91,0.9811483915600139
2016-10-01,2016,10,8759.0,9255.299805,8551.200195,9143.299805,1.041449233181465,22814.166666666668,18521.033333333333,4293.133333333333,59.17,18.816666666666666,0.9950643398554556
2016-11-01,2016,11,9206.5,9214.099609,8558.5,8688.200195,0.950225890028113,22780.033333333333,18514.566666666666,4265.466666666667,59.06,18.723333333333333,0.9950398582816652
2016-12-01,2016,12,8671.599609,9452.900391,8512.400391,9352.099609,1.0764139176238214,22745.9,18508.1,4237.8,58.95,18.63,0.9950151326330782
2017-01-01,2017,1,9448.299805,9623.5,9279.0,9315.200195,0.9960544246166394,22728.36666666667,18484.833333333332,4243.533333333334,58.89333333333334,18.669999999999998,1.0021470746108427
2017-02-01,2017,2,9416.0,9614.599609,9236.599609,9555.5,1.0257965261046118,22710.833333333332,18461.566666666666,4249.266666666666,58.836666666666666,18.71,1.0021424745581147
2017-03-01,2017,3,9618.0,10462.900391,9616.599609,10462.900391,1.0949610581340583,22693.3,18438.3,4255.0,58.78,18.75,1.0021378941742383
2017-04-01,2017,4,10457.700195,10828.799805,10216.900391,10715.799805,1.024171061995156,22704.733333333334,18563.3,4141.433333333333,58.800000000000004,18.24,0.9727999999999999
2017-05-01,2017,5,10737.700195,11184.400391,10564.299805,10880.0,1.0153231861352414,22716.166666666664,18688.3,4027.866666666667,58.82,17.73,0.9720394736842106
2017-06-01,2017,6,10891.599609,11048.0,10433.200195,10444.5,0.9599724264705884,22727.6,18813.3,3914.3,58.84,17.22,0.9712351945854483
2017-07-01,2017,7,10507.599609,10704.299805,10368.099609,10502.200195,1.005524457369908,22745.366666666665,18891.966666666667,3853.4333333333334,58.86666666666667,16.939999999999998,0.9837398373983739
2017-08-01,2017,8,10613.400391,10758.200195,10134.299805,10299.5,0.9806992638460175,22763.133333333335,18970.63333333333,3792.5666666666666,58.89333333333334,16.66,0.9834710743801655
2017-09-01,2017,9,10328.799805,10410.200195,10087.599609,10381.5,1.0079615515316278,22780.9,19049.3,3731.7,58.92,16.38,0.9831932773109243
2017-10-01,2017,10,10262.299805,10570.5,9922.299805,10523.5,1.0136781775273325,22775.600000000002,19032.333333333332,3743.3666666666663,58.88,16.436666666666667,1.0034595034595035
2017-11-01,2017,11,10591.400391,10594.200195,9889.400391,10211.0,0.9703045564688554,22770.3,19015.36666666667,3755.0333333333333,58.839999999999996,16.493333333333332,1.0034475765564792
2017-12-01,2017,12,10225.5,10380.299805,10028.700195,10043.900391,0.9836353335618453,22765.0,18998.4,3766.7,58.8,16.55,1.003435731608731
2018-01-01,2018,1,10089.599609,10643.400391,10017.0,10451.5,1.0405818051884743,22733.433333333334,18957.0,3776.5,58.68666666666667,16.613333333333333,1.0038267875125881
2018-02-01,2018,2,10518.299805,10543.700195,9581.099609,9840.299805,0.9415203372721622,22701.866666666665,18915.600000000002,3786.2999999999997,58.57333333333333,16.676666666666666,1.003812199036918
2018-03-01,2018,3,9795.299805,9811.400391,9327.599609,9600.400391,0.9756207210396063,22670.3,18874.2,3796.1,58.46,16.74,1.0037977213671796
2018-04-01,2018,4,9532.099609,9995.400391,9417.299805,9980.599609,1.0396024334939635,22724.933333333334,19030.833333333332,3694.1,58.57333333333333,16.25333333333333,0.9709279171644762
2018-05-01,2018,5,9982.599609,10291.400391,9400.299805,9465.5,0.9483899135142629,22779.566666666666,19187.466666666667,3592.1,58.68666666666667,15.766666666666666,0.9700574241181298
2018-06-01,2018,6,9544.700195,9985.900391,9506.599609,9622.700195,1.0166077011251389,22834.2,19344.1,3490.1,58.8,15.28,0.9691331923890064
2018-07-01,2018,7,9526.299805,9971.599609,9443.5,9870.700195,1.0257723918416224,22840.8,19405.399999999998,3435.4,58.776666666666664,15.036666666666667,0.9840750436300175
2018-08-01,2018,8,9871.099609,9902.299805,9339.5,9399.099609,0.9522221750551304,22847.4,19466.7,3380.7,58.75333333333333,14.793333333333333,0.9838173354023497
2018-09-01,2018,9,9387.700195,9665.400391,9111.099609,9389.200195,0.9989467699660803,22854.0,19528.0,3326.0,58.73,14.55,0.9835511491662912
2018-10-01,2018,10,9384.299805,9475.200195,8627.599609,8893.5,0.9472052800339713,22858.933333333334,19540.2,3318.766666666667,58.69,14.516666666666667,0.997709049255441
2018-11-01,2018,11,8882.5,9232.299805,8829.599609,9077.200195,1.0206555568673752,22863.866666666665,19552.399999999998,3311.5333333333333,58.65,14.483333333333333,0.9977037887485648
2018-12-01,2018,12,9239.799805,9262.099609,8286.200195,8539.900391,0.9408077609331608,22868.8,19564.6,3304.3,58.61,14.45,0.997698504027618
2019-01-01,2019,1,8448.299805,9225.400391,8354.799805,9056.700195,1.060515905378082,22854.333333333332,19533.43333333333,3320.9333333333334,58.52333333333333,14.533333333333333,1.0057670126874279
2019-02-01,2019,2,9058.599609,9293.099609,8826.5,9277.700195,1.024401823538557,22839.86666666667,19502.266666666666,3337.5666666666666,58.43666666666667,14.616666666666665,1.0057339449541283
2019-03-01,2019,3,9313.5,9532.900391,9106.799805,9240.299805,0.9959687865296447,22825.4,19471.1,3354.2,58.35,14.7,1.0057012542759407
2019-04-01,2019,4,9304.799805,9588.200195,9269.700195,9570.599609,1.0357455722184759,22895.433333333334,19582.366666666665,3313.0,58.480000000000004,14.473333333333333,0.9845804988662131
2019-05-01,2019,5,9545.5,9559.700195,8959.5,9004.200195,0.9408188162560507,22965.466666666667,19693.633333333335,3271.7999999999997,58.61,14.246666666666666,0.9843390142791341
2019-06-01,2019,6,8945.700195,9332.5,8903.099609,9198.799805,1.0216120927773313,23035.5,19804.9,3230.6,58.74,14.02,0.984089845577913
2019-07-01,2019,7,9290.299805,9453.0,8946.700195,8971.0,0.975235921008284,23053.233333333334,19828.033333333333,3225.2,58.733333333333334,13.986666666666666,0.9976224441274371
2019-08-01,2019,8,8947.599609,9038.200195,8409.200195,8812.900391,0.9823765902352023,23070.966666666667,19851.166666666668,3219.8,58.72666666666667,13.953333333333333,0.9976167778836987
2019-09-01,2019,9,8810.799805,9257.299805,8772.799805,9244.599609,1.0489849197025831,23088.7,19874.3,3214.4,58.72,13.92,0.9976110845676063
2019-10-01,2019,10,9277.0,9494.5,8850.599609,9257.5,1.0013954515658463,23112.066666666666,19905.166666666668,3206.9,58.72666666666667,13.873333333333333,0.9966475095785441
2019-11-01,2019,11,9293.099609,9482.5,9132.799805,9352.0,1.0102079395085064,23135.433333333334,19936.033333333333,3199.4,58.733333333333334,13.826666666666666,0.9966362325804902
2019-12-01,2019,12,9367.200195,9700.5,9110.099609,9549.200195,1.0210864194824634,23158.8,19966.9,3191.9,58.74,13.78,0.9966248794599807
2020-01-01,2020,1,9639.099609,9709.900391,9357.799805,9367.900391,0.9810141372787503,23103.933333333334,19871.7,3232.266666666667,58.553333333333335,13.99,1.0152394775036284
2020-02-01,2020,2,9404.400391,10100.200195,8582.700195,8723.200195,0.9311798621792161,23049.066666666666,19776.5,3272.633333333333,58.36666666666667,14.2,1.015010721944246
2020-03-01,2020,3,8910.200195,9014.299805,5814.5,6785.399902,0.7778567211938209,22994.2,19681.3,3313.0,58.18,14.41,1.0147887323943663
2020-04-01,2020,4,6627.299805,7209.700195,6424.5,6922.299805,1.020175657290243,22654.533333333333,19323.266666666666,3331.3333333333335,57.3,14.716666666666667,1.0212815174647236
2020-05-01,2020,5,6767.700195,7244.5,6421.399902,7096.5,1.0251650751783643,22314.86666666667,18965.233333333334,3349.6666666666665,56.42,15.023333333333333,1.0208380520951303
2020-06-01,2020,6,7228.700195,7992.700195,7062.899902,7231.399902,1.0190093570069751,21975.2,18607.2,3368.0,55.54,15.33,1.0204126913689815
2020-07-01,2020,7,7245.600098,7654.799805,6877.399902,6877.399902,0.9510468229115503,22283.4,18797.100000000002,3486.3,56.303333333333335,15.64,1.020221787345075
2020-08-01,2020,8,6867.399902,7321.899902,6788.899902,6969.5,1.013391703159971,22591.6,18987.0,3604.6,57.06666666666666,15.950000000000001,1.0198209718670077
2020-09-01,2020,9,7038.5,7159.600098,6552.299805,6716.600098,0.9637133363942889,22899.8,19176.9,3722.9,57.83,16.26,1.019435736677116
2020-10-01,2020,10,6789.100098,7024.600098,6329.5,6452.200195,0.9606348600270646,22954.566666666666,19232.7,3721.866666666667,57.949999999999996,16.21666666666667,0.9973349733497335
2020-11-01,2020,11,6481.399902,8199.900391,6396.299805,8076.899902,1.2518055326707054,23009.333333333332,19288.5,3720.8333333333335,58.07,16.173333333333332,0.9973278520041108
2020-12-01,2020,12,8112.700195,8322.900391,7663.5,8111.5,1.004283833948645,23064.1,19344.3,3719.8,58.19,16.13,0.997320692497939
2021-01-01,2021,1,8191.799805,8439.700195,7713.5,7757.5,0.9563582567959074,22996.3,19298.466666666667,3697.8333333333335,58.02333333333333,16.08,0.9969001859888407
2021-02-01,2021,2,7823.0,8387.0,7779.799805,8225.0,1.060264260393168,22928.5,19252.63333333333,3675.866666666667,57.85666666666666,16.03,0.9968905472636818
2021-03-01,2021,3,8324.599609,8740.099609,8239.700195,8580.0,1.0431610942249245,22860.7,19206.8,3653.9,57.69,15.98,0.9968808484092326
2021-04-01,2021,4,8595.599609,8869.900391,8426.200195,8815.0,1.0273892773892772,22978.966666666667,19361.766666666666,3617.2000000000003,57.986666666666665,15.74,0.9849812265331664
2021-05-01,2021,5,8821.599609,9254.700195,8796.299805,9148.900391,1.0378786603516734,23097.233333333334,19516.733333333334,3580.5,58.28333333333333,15.5,0.9847522236340533
2021-06-01,2021,6,9167.299805,9310.799805,8765.299805,8821.200195,0.9641814664063487,23215.5,19671.7,3543.8,58.58,15.26,0.984516129032258
2021-07-01,2021,7,8862.299805,8968.099609,8252.200195,8675.700195,0.983505645855031,23292.9,19791.466666666667,3501.4333333333334,58.766666666666666,15.03,0.9849279161205766
2021-08-01,2021,8,8723.299805,9015.700195,8723.299805,8846.599609,1.019698630676345,23370.3,19911.233333333334,3459.0666666666666,58.95333333333333,14.8,0.9846972721224219
2021-09-01,2021,9,8923.700195,9055.5,8551.200195,8796.299805,0.9943142217096812,23447.7,20031.0,3416.7,59.14,14.57,0.9844594594594595
2021-10-01,2021,10,8693.400391,9057.700195,8654.799805,9057.700195,1.0297170851147446,23394.733333333334,20082.3,3312.4,58.97666666666667,14.156666666666666,0.9716312056737588
2021-11-01,2021,11,9064.599609,9198.099609,8260.700195,8305.099609,0.9169104110538512,23341.766666666666,20133.600000000002,3208.1,58.81333333333333,13.743333333333334,0.9708029197080292
2021-12-01,2021,12,8357.099609,8728.0,8082.399902,8713.799805,1.0492107518562581,23288.8,20184.9,3103.8,58.65,13.33,0.9699248120300752
